"DESCRIPTION","DURATION IN MS","NAME","PARENT SUITE","START TIME","STATUS","STOP TIME","SUB SUITE","SUITE","TEST CLASS","TEST METHOD"
"","3474","test_guest_can_add_product_to_basket[http://selenium1py.pythonanywhere.com/catalogue/coders-at-work_207/?promo=offer1]","pytestdemo","Sat Sep 07 17:14:02 MSK 2024","passed","Sat Sep 07 17:14:05 MSK 2024","","test_product_page","",""
"","3103","test_guest_can_add_product_to_basket[http://selenium1py.pythonanywhere.com/catalogue/coders-at-work_207/?promo=offer7]","pytestdemo","Sat Sep 07 17:14:11 MSK 2024","skipped","Sat Sep 07 17:14:14 MSK 2024","","test_product_page","",""
"","5642","test_guest_can_add_product_to_basket[http://selenium1py.pythonanywhere.com/catalogue/coders-at-work_207/?promo=offer0]","pytestdemo","Sat Sep 07 17:13:53 MSK 2024","passed","Sat Sep 07 17:13:59 MSK 2024","","test_product_page","",""
"","12657","test_message_disappeared_after_adding_product_to_basket","pytestdemo","Sat Sep 07 17:14:25 MSK 2024","skipped","Sat Sep 07 17:14:37 MSK 2024","","test_product_page","",""
"","2987","test_guest_cant_see_success_message_after_adding_product_to_basket","pytestdemo","Sat Sep 07 17:14:23 MSK 2024","skipped","Sat Sep 07 17:14:26 MSK 2024","","test_product_page","",""
"","6042","test_guest_can_add_product_to_basket[http://selenium1py.pythonanywhere.com/catalogue/coders-at-work_207/?promo=offer2]","pytestdemo","Sat Sep 07 17:13:53 MSK 2024","passed","Sat Sep 07 17:13:59 MSK 2024","","test_product_page","",""
"","5187","test_guest_can_add_product_to_basket[http://selenium1py.pythonanywhere.com/catalogue/coders-at-work_207/?promo=offer6]","pytestdemo","Sat Sep 07 17:14:09 MSK 2024","passed","Sat Sep 07 17:14:14 MSK 2024","","test_product_page","",""
"","11842","test_guest_can_add_product_to_basket[http://selenium1py.pythonanywhere.com/catalogue/coders-at-work_207/?promo=offer4]","pytestdemo","Sat Sep 07 17:13:53 MSK 2024","broken","Sat Sep 07 17:14:05 MSK 2024","","test_product_page","",""
"","15436","test_guest_cant_see_success_message","pytestdemo","Sat Sep 07 17:14:28 MSK 2024","passed","Sat Sep 07 17:14:43 MSK 2024","","test_product_page","",""
"","5256","test_guest_can_add_product_to_basket[http://selenium1py.pythonanywhere.com/catalogue/coders-at-work_207/?promo=offer5]","pytestdemo","Sat Sep 07 17:14:08 MSK 2024","passed","Sat Sep 07 17:14:14 MSK 2024","","test_product_page","",""
"","3899","test_guest_should_see_login_link","pytestdemo","Sat Sep 07 17:14:18 MSK 2024","passed","Sat Sep 07 17:14:22 MSK 2024","","test_product_page","",""
"","5474","test_guest_can_add_product_to_basket[http://selenium1py.pythonanywhere.com/catalogue/coders-at-work_207/?promo=offer3]","pytestdemo","Sat Sep 07 17:14:02 MSK 2024","passed","Sat Sep 07 17:14:08 MSK 2024","","test_product_page","",""
"","7106","test_guest_can_add_product_to_basket[http://selenium1py.pythonanywhere.com/catalogue/coders-at-work_207/?promo=offer9]","pytestdemo","Sat Sep 07 17:14:17 MSK 2024","passed","Sat Sep 07 17:14:24 MSK 2024","","test_product_page","",""
"","2986","test_guest_can_add_product_to_basket[http://selenium1py.pythonanywhere.com/catalogue/coders-at-work_207/?promo=offer8]","pytestdemo","Sat Sep 07 17:14:17 MSK 2024","passed","Sat Sep 07 17:14:20 MSK 2024","","test_product_page","",""
